0,alkdsjf,MrBug123,MrBug,33_8_154_194_170_175_83_69_108_36_151_47_168_28_173_58_163_43_110_169_116_176_78_198_180_137_105_40_,114_53_145_60_50_97_99_103_159_90_141_65_135_52_115_100_75_147_113_187_32_35_12_3_38_20_191_7_
1,wa321adsf,William123,William,14_115_175_139_164_145_40_193_0_192_123_169_82_168_41_10_166_19_73_172_158_3_30_36_103_111_37_163_108_27_106_120_49_144_,153_159_7_42_165_43_89_100_72_47_16_177_94_171_149_35_162_78_38_60_50_2_97_170_48_31_4_92_22_74_87_152_146_58_
2,qwe8f7,Gs123,Gs,5_109_29_175_52_113_152_14_148_60_180_86_49_130_196_1_189_172_27_31_42_53_,55_51_30_194_125_132_156_22_103_186_48_36_118_63_198_35_19_2_57_166_114_149_
3,xcvz56,AMO123,AMO,146_26_145_136_175_18_115_96_76_56_150_24_70_134_194_49_106_186_89_10_,35_74_153_8_73_54_156_105_165_69_7_196_160_164_157_147_62_68_104_64_
4,JIN,Coastal123,Coastal,156_26_111_0_189_133_2_96_169_118_127_90_165_65_51_85_114_61_23_40_147_,197_121_67_157_186_106_160_141_4_123_113_184_68_18_42_15_20_81_190_24_119_
5,q8b79,Brewer123,Brewer,115_186_89_35_125_20_67_37_46_146_54_145_163_148_74_50_82_14_45_36_73_92_40_55_11_194_,57_51_192_156_8_157_165_169_183_170_160_94_52_32_72_191_190_179_17_96_174_150_120_70_111_66_
6,32ad1sf,GoddessAmber123,GoddessAmber,194_65_64_62_145_71_119_165_34_91_141_53_95_166_11_172_27_158_67_144_174_179_94_190_137_72_135_40_109_121_117_168_14_110_,167_17_155_101_139_184_102_98_150_77_103_92_163_164_7_177_159_42_33_181_87_55_105_160_107_79_149_129_22_29_154_80_54_130_
7,zxc4,sHIPLEY123,sHIPLEY,40_150_69_142_24_146_158_33_15_18_43_192_164_11_98_38_76_0_48_34_16_198_65_5_186_136_147_30_68_37_28_172_167_62_138_161_94_66_101_,171_42_188_4_119_72_75_12_39_122_67_44_168_132_174_170_50_125_56_143_124_83_96_87_1_159_79_160_49_128_54_7_100_118_169_134_2_8_133_
8,6q5w4ef,Kathy123,Kathy,114_21_185_119_50_154_48_178_113_81_123_136_42_126_67_179_183_130_71_43_59_100_173_53_22_112_85_157_196_160_60_57_94_14_111_16_49_141_,96_82_181_88_125_187_193_153_44_159_120_69_13_63_28_72_121_76_175_70_73_191_11_124_19_17_26_101_162_117_133_56_78_89_103_140_142_115_
9,zxc1v32,Gary123,Gary,160_123_50_91_168_96_92_9_14_8_163_84_90_72_193_136_20_30_64_76_2_175_82_52_117_137_195_122_77_120_86_184_40_151_57_,46_38_118_186_67_194_174_107_115_42_199_23_114_145_143_95_196_111_127_138_41_44_75_7_81_70_60_156_94_87_1_164_0_74_132_
10,65a4ds6f5,MartiniMe123,MartiniMe,158_185_116_27_96_170_87_62_56_104_5_14_149_144_68_3_161_163_35_11_100_112_90_72_121_135_153_61_8_117_10_33_198_106_95_,136_37_142_86_17_92_16_147_28_166_24_2_47_133_118_43_180_44_58_94_160_132_42_141_49_67_115_77_157_73_129_109_85_186_128_
11,12as1dc,PenName123,PenName,137_49_78_164_43_53_9_149_184_193_122_14_69_104_110_102_41_93_189_71_138_182_136_22_42_89_129_166_62_153_187_,97_160_28_123_23_173_134_25_121_197_56_48_120_107_77_19_194_133_140_27_186_21_29_51_60_158_148_34_175_68_100_
12,rkjhdfbv,CCVC123,CCVC,85_63_108_12_104_71_181_86_190_6_60_27_103_51_137_74_55_22_132_64_134_120_109_83_59_165_130_67_,53_70_194_128_72_33_127_185_17_44_29_187_75_133_46_62_196_143_192_164_84_107_15_158_93_141_97_34_
13,dkfjla,Jonathan123,Jonathan,117_135_6_54_72_114_19_126_118_73_142_92_164_149_144_39_13_67_34_180_36_96_154_97_178_35_160_132_111_172_140_87_21_31_50_41_,25_171_183_196_80_70_112_84_168_152_107_127_195_134_93_45_51_27_71_182_156_163_16_192_167_104_157_187_148_11_169_53_147_1_197_199_
14,65v9z8,Carlen123,Carlen,116_5_30_64_158_181_177_90_147_137_194_167_149_14_79_81_37_140_162_133_45_76_98_166_13_1_175_153_92_118_9_,184_0_114_151_17_154_105_145_61_193_182_15_32_49_66_178_27_54_107_121_34_161_67_47_3_179_125_58_120_89_142_
15,b0q6,CaMcL123,CaMcL,174_97_141_40_162_69_138_63_108_145_178_119_58_186_151_105_77_155_136_163_57_13_188_167_43_135_0_132_68_150_133_50_147_87_72_1_,160_100_134_194_7_184_11_79_139_55_172_125_27_23_73_81_164_173_92_30_54_129_143_95_86_61_169_114_113_21_130_33_117_166_32_116_
16,adopkj12,Infinite123,Infinite,181_47_112_126_68_110_172_70_78_113_128_191_184_4_129_50_159_71_63_24_199_2_160_166_87_119_58_182_75_161_17_176_175_82_83_74_67_46_,25_76_131_167_192_88_32_28_40_194_147_188_132_3_115_139_171_174_26_152_146_36_99_107_81_33_39_7_158_145_30_29_65_156_64_154_162_66_
17,fadb321,Rita123,Rita,185_116_150_26_63_9_24_93_125_162_3_44_22_55_165_146_136_37_66_103_181_171_109_15_1_,122_4_130_83_53_23_160_170_177_92_163_19_174_176_59_110_131_135_0_198_140_34_18_106_157_
18,ad35hn8,Meghan123,Meghan,130_87_24_142_68_26_174_29_69_71_52_158_183_100_173_180_27_161_16_148_36_190_92_74_192_122_102_,197_120_8_198_98_6_66_45_109_21_134_4_48_182_103_13_25_32_49_124_110_47_50_155_65_136_59_
19,adlkfj11,bookworm123,bookworm,87_13_57_14_60_124_42_102_34_2_10_49_48_3_100_82_151_85_118_182_160_114_101_125_11_80_6_,138_186_77_54_142_32_108_120_23_179_86_47_81_130_148_104_110_190_105_28_70_18_153_111_17_22_121_
20,akjbo2,SoftRevolution123,SoftRevolution,54_147_130_48_63_43_162_138_82_100_106_55_92_140_187_5_36_139_144_38_188_94_184_1_119_,170_31_51_146_29_180_66_45_62_21_69_112_2_121_181_89_65_154_197_173_67_166_93_149_116_
21,adslkfjb4,MRawlins2123,MRawlins2,125_150_84_166_48_160_142_110_10_106_55_158_146_121_27_126_11_116_192_174_66_111_136_165_96_61_74_167_190_40_50_,152_149_63_32_124_187_16_129_185_101_141_88_67_159_52_39_33_127_36_49_35_188_161_103_173_183_92_118_102_13_14_
22,adkjfnb4,Sil123,Sil,134_22_73_99_130_102_97_152_89_144_57_20_5_127_19_44_119_34_52_197_98_93_,3_190_38_65_188_118_87_195_54_177_106_175_104_125_122_82_132_109_25_150_86_110_
23,adkljbn1,Daisy123,Daisy,113_191_29_44_94_147_62_171_7_78_48_116_139_10_179_97_24_149_54_17_23_87_190_193_85_192_60_144_,189_135_145_107_181_19_172_74_178_66_50_59_92_122_112_125_157_13_34_27_106_91_103_69_4_152_30_26_
24,aklbnoin,ST123,ST,135_58_139_191_25_92_18_175_48_53_56_138_63_123_162_124_39_199_82_166_69_62_41_,24_80_171_40_79_30_71_152_90_177_155_17_187_185_73_137_115_68_7_109_3_158_120_
25,akldjbn54,Clara123,Clara,120_162_82_184_57_72_177_3_25_98_90_4_144_123_20_185_17_89_92_97_157_49_119_63_100_12_130_106_189_35_112_19_191_,125_181_24_94_101_169_187_108_56_151_91_173_109_188_7_140_175_172_152_137_142_69_21_37_60_0_76_86_67_124_83_195_103_
26,sex,Will123,Will,57_142_190_108_96_175_181_189_98_134_107_110_179_152_29_102_176_80_35_42_146_155_48_31_25_91_185_2_141_105_62_,161_40_71_115_64_174_182_116_131_167_145_113_178_99_46_127_128_56_114_151_183_106_88_132_93_194_109_52_158_101_22_
27,adlkjbn1,LiberTEAS123,LiberTEAS,197_11_45_72_84_144_125_191_28_30_38_182_25_151_39_77_165_70_104_26_178_95_,121_18_68_103_24_124_196_62_12_176_177_48_190_136_189_7_114_107_47_65_109_179_
28,asdkl,Azzrian123,Azzrian,165_105_182_102_120_180_166_179_24_87_149_106_155_198_49_66_170_40_143_140_52_46_158_,153_136_122_124_111_74_5_34_57_84_107_2_141_139_50_36_199_83_62_117_76_125_11_
29,adkljbnn1,Treants123,Treants,106_110_182_59_50_100_91_108_157_0_192_87_63_18_159_32_1_83_69_56_,133_151_68_13_139_3_163_198_142_186_10_123_80_88_11_158_14_134_52_131_
30,adslkjnb2,Gallagher123,Gallagher,128_41_52_39_117_2_129_190_145_25_94_65_147_34_193_99_97_4_103_181_156_110_173_150_85_,176_191_178_112_188_86_185_3_33_57_7_106_109_125_44_67_93_144_59_121_42_26_45_155_133_
31,adlkcjnb,Murphy123,Murphy,196_56_108_9_170_159_54_174_123_12_132_148_129_40_79_193_147_68_149_186_43_99_80_115_194_136_150_,55_46_33_83_63_73_163_144_100_50_52_177_38_86_130_90_36_118_187_53_85_125_45_172_195_48_78_
32,adjh1,SamDanae123,SamDanae,96_61_50_56_85_84_66_37_7_8_1_103_141_157_49_69_60_170_30_14_147_68_195_117_148_191_110_132_87_196_136_,172_28_93_109_171_183_55_27_105_139_5_72_10_44_26_94_163_131_77_111_145_123_175_4_79_144_185_176_91_182_164_
33,adklnb,Allison123,Allison,107_181_147_195_115_75_153_90_23_93_72_159_83_129_9_100_178_27_18_134_173_125_87_55_105_45_122_1_124_182_4_31_95_156_16_130_6_148_,111_101_13_7_198_38_67_81_98_145_22_166_84_92_197_10_150_165_184_56_126_180_149_152_175_37_119_167_96_104_80_25_114_161_174_199_76_183_
34,daobn1a,Small123,Small,101_113_93_122_46_76_100_190_92_83_175_145_95_60_188_195_44_89_193_182_129_149_41_81_5_11_61_40_,17_77_33_167_37_56_84_97_71_3_80_172_157_116_161_147_163_91_164_152_176_59_177_20_62_52_51_26_
35,klajlkbn,dave123,dave,52_35_55_124_149_145_46_95_116_57_177_153_5_86_10_182_110_186_181_1_90_152_62_184_79_106_72_0_173_58_166_,136_15_37_139_172_3_142_68_120_32_133_194_17_171_87_20_115_169_83_129_23_51_42_45_191_76_93_25_56_67_118_
36,ev,Wayward123,Wayward,198_164_52_96_109_7_120_61_67_178_146_142_156_45_11_53_114_185_180_86_102_177_19_172_51_22_85_50_189_103_190_192_1_138_162_80_104_,76_179_106_145_167_94_127_122_107_171_116_183_144_187_97_193_42_95_147_199_110_132_148_123_184_78_117_166_72_174_125_30_3_26_60_89_168_
37,adkln0,cdsullivan2123,cdsullivan2,135_86_33_35_192_64_148_99_77_121_184_55_39_37_109_72_166_19_165_94_,2_139_21_26_27_132_13_138_145_199_187_101_182_32_63_10_38_0_162_30_
38,adflkbn,Edwards123,Edwards,76_199_20_137_197_108_31_190_173_32_66_135_125_187_157_15_21_49_36_62_130_138_122_167_170_,1_6_7_39_114_92_110_28_144_75_61_96_152_11_56_166_93_131_86_98_95_9_67_82_22_
39,akljad,Ryan123,Ryan,89_149_31_157_92_73_186_33_130_114_155_158_127_152_139_98_61_153_38_90_195_94_100_,44_15_129_189_132_168_106_48_78_135_81_134_62_145_2_161_88_193_55_28_182_85_167_
40,fklnjlad,MadMax123,MadMax,162_69_61_123_195_111_52_0_72_87_32_160_12_88_182_67_121_31_8_199_97_161_140_128_77_153_118_51_79_116_147_104_2_75_176_197_141_64_15_,22_165_133_10_166_101_54_59_1_184_122_63_196_171_13_193_175_169_40_44_136_57_83_26_117_132_155_43_82_85_198_138_96_5_178_186_11_110_41_
41,flknjds,honestreviewer123,honestreviewer,43_96_37_168_160_35_4_81_124_144_134_173_21_15_112_179_75_25_111_141_176_73_146_101_121_166_65_187_164_184_41_197_150_22_122_143_1_,39_131_77_148_117_23_26_10_0_106_130_103_97_19_79_119_90_98_180_92_196_76_45_132_127_50_158_154_24_87_157_102_136_30_165_33_118_
42,adlkjn123ad,Renaissance123,Renaissance,165_183_63_159_142_167_60_5_186_88_30_89_120_123_135_61_138_50_18_7_86_33_187_147_166_106_178_170_194_62_21_66_72_25_77_129_13_,19_17_128_87_105_121_32_29_143_64_177_10_92_136_56_28_100_40_11_48_180_185_171_130_126_97_103_153_108_91_169_199_75_82_151_76_115_
43,nlkjadfn,BellaJack123,BellaJack,11_161_66_53_5_31_184_63_108_65_178_60_106_84_81_125_90_116_49_34_196_154_69_,193_172_38_18_149_194_143_199_188_112_162_59_25_144_163_189_50_24_72_142_62_140_151_
44,adkljn,Moyer123,Moyer,117_57_64_18_42_156_160_109_159_25_170_52_165_119_53_84_31_40_125_88_32_126_49_161_151_132_89_,121_97_192_59_112_181_147_194_56_144_54_74_103_130_8_90_46_86_66_188_150_195_96_34_16_198_128_
45,adlkmlnad,Steph123,Steph,181_157_100_165_51_194_24_158_175_71_176_12_191_29_94_41_9_5_63_35_144_162_97_62_31_149_,107_182_19_139_124_166_99_48_145_38_108_123_161_43_199_150_171_6_153_20_91_30_156_178_75_68_
46,klajlkn,AtlanticAviator123,AtlanticAviator,197_127_37_151_24_191_139_3_198_107_62_72_10_25_44_185_64_175_186_29_153_184_99_88_167_177_171_54_108_94_125_87_69_14_,56_103_67_59_98_17_176_77_181_53_187_74_48_85_79_101_104_73_30_140_50_97_95_6_4_174_11_183_35_71_160_1_196_124_
47,sfd,Jennifer123,Jennifer,83_146_3_192_25_61_22_195_124_68_48_179_1_43_59_135_89_104_47_52_17_2_171_34_137_,72_60_113_36_106_66_158_148_134_161_165_87_123_196_9_100_178_57_42_97_38_164_69_7_125_
48,hnjmhdf,BookLover123,BookLover,121_117_58_78_143_130_106_47_197_18_176_118_120_43_93_156_127_142_34_8_136_37_96_122_51_109_,185_85_91_65_113_83_71_179_72_11_35_166_90_12_70_174_187_0_7_173_26_69_97_183_135_67_
49,adlkfjn,Laurence123,Laurence,170_140_121_197_132_198_147_189_71_3_175_134_162_123_176_139_178_45_91_38_93_85_194_,192_98_148_6_34_29_136_28_10_0_154_36_122_44_199_135_19_21_117_11_23_17_80_
50,adlkjn123ad,signature123,signature,178_174_154_83_185_184_44_198_117_10_134_124_197_121_102_7_187_17_43_5_32_87_86_159_21_76_126_82_175_,93_40_103_123_91_101_148_37_172_33_162_169_26_0_147_163_23_11_66_179_56_153_158_79_35_127_95_100_122_
